rs2229774,rs7853758,rs17863783,rs1137233,rs9024,rs2232228,rs17222723,rs45511401,rs1695,rs20572,rs1533682,rs1128503,rs2032582,rs1045642,age,cumulative_dose,baseline_lvef,cardiotoxicity
0,1,0,0,0,1,0,0,1,0,0,1,1,0,51,474.28497391933297,70.46173286231603,1
1,0,0,0,0,1,0,1,1,0,0,0,0,0,52,315.5466770670587,62.72163235863018,1
0,0,1,0,1,1,0,2,1,0,1,0,2,1,30,288.2127818702795,48.48325976446321,1
0,1,0,0,0,2,0,0,0,0,0,1,1,0,26,377.11403384444566,63.6967790637811,0
0,1,1,0,0,0,0,1,0,0,1,1,0,0,36,319.9560756744058,60.25921301591343,1
0,0,0,0,1,0,1,0,0,0,0,0,2,2,37,331.9382554351462,61.625367219407764,0
0,1,0,0,0,1,1,2,0,1,1,1,1,2,54,499.374719888055,60.156903171071505,1
1,1,1,0,1,0,0,0,0,0,1,1,0,2,37,277.9902857395963,66.03523208303343,1
0,1,0,0,0,1,0,1,1,0,0,0,1,2,34,274.5791284786083,67.59843889276691,0
0,1,0,1,0,1,0,0,0,1,0,1,0,1,37,309.3262809609971,63.41526581129327,0
0,0,0,1,0,0,0,0,0,0,0,0,1,0,58,385.7212748464831,60.303444064309204,1
1,0,2,0,0,1,0,0,0,0,1,2,1,2,45,179.47727758476807,61.79331397595415,1
0,1,1,1,1,0,0,2,1,0,1,2,2,2,42,142.75552868187958,62.09799808288814,1
0,1,0,0,0,0,0,1,0,1,1,1,1,2,43,253.0307783503882,57.98784980067582,1
0,0,0,0,1,1,0,1,1,0,0,0,1,1,60,169.28616327525702,64.89464324285618,1
0,0,1,0,0,1,0,1,0,0,0,1,1,0,36,266.01349219794895,64.30021161930233,0
0,0,0,0,0,0,0,0,2,0,0,2,0,2,60,340.1999756903432,69.70220619888337,0
0,1,0,1,1,0,0,0,2,1,0,1,1,1,47,228.7400909158189,68.27674890144237,1
0,2,1,0,0,1,0,0,0,0,1,0,1,2,43,185.8538738574926,58.57162541204935,1
0,0,0,1,1,1,0,0,0,0,1,1,0,0,75,305.54697293722785,66.10149187254483,1
0,0,0,0,2,1,0,0,0,1,1,2,1,0,32,369.00347876921364,57.24523308452764,1
0,0,0,1,1,0,0,0,0,0,0,1,2,0,40,164.40212491867098,65.47966050470424,0
0,2,1,0,2,0,0,0,1,1,2,1,2,2,30,365.61859186447873,59.41692900619946,1
0,1,1,0,0,0,0,0,1,0,1,1,0,0,56,365.3844962990661,56.883733883122076,0
0,1,1,0,0,1,0,0,1,1,2,1,0,0,65,376.32680817253026,63.40022671348702,1
0,0,0,0,0,0,0,0,1,0,1,0,0,2,65,397.4784171897349,48.6271643592293,1
0,0,1,0,1,0,1,2,0,1,0,1,2,0,59,476.1611139727693,53.24512212797386,1
0,0,1,0,2,2,0,1,0,1,0,0,0,2,42,271.51263611047557,61.112540581128584,1
0,0,0,1,0,0,0,2,1,0,1,1,1,1,40,308.7657264062286,62.41220883317421,0
0,1,1,0,1,2,0,0,0,0,0,0,0,2,24,266.684925340158,60.153406149209054,0
0,1,0,0,0,1,0,0,1,0,0,1,1,1,69,300.15814758046486,54.10281850641201,1
0,2,0,0,1,1,0,1,0,0,1,0,1,2,50,422.62986845090495,57.910540789307476,1
0,2,0,0,0,0,0,0,0,0,1,1,1,2,39,192.3988412855465,63.95604663618697,0
1,0,0,0,2,0,0,0,2,0,1,1,0,0,60,231.11602622675395,64.90890885314181,0
1,1,0,0,1,1,0,0,0,0,0,0,1,0,33,410.1744749203649,61.9188844120203,1
0,1,0,0,0,1,0,0,2,0,0,0,0,0,49,381.6029205521672,67.78416890518494,0
0,1,0,0,0,1,0,0,2,0,1,0,1,1,42,270.94946825463376,63.98698511729617,1
0,0,0,0,0,0,1,0,1,1,2,2,2,2,52,368.35216008965756,58.26272173020894,0
0,0,0,0,0,1,0,1,1,0,1,1,0,1,44,327.2972673993627,60.597489732941916,1
0,0,0,0,0,1,0,0,1,0,2,1,2,1,27,420.02196872007903,54.985669213960726,1
0,1,0,0,1,1,0,0,1,0,1,0,1,0,45,305.9607675061418,61.459305048042914,1
0,0,1,0,1,1,1,1,0,0,1,1,0,2,57,382.0505691098066,67.56050309610669,1
0,0,0,0,1,1,0,0,1,0,0,2,1,2,44,511.3609528394096,65.42645042355484,1
1,1,0,0,0,1,0,0,1,0,1,2,0,0,54,347.8479324037973,69.0100466295956,0
0,0,1,1,1,0,0,1,0,0,1,1,1,1,32,303.9462532635875,60.48557378100504,1
0,0,0,0,1,0,0,0,1,1,1,0,1,0,44,357.79575881767835,68.73049897257128,0
0,0,0,1,0,0,0,0,0,0,0,0,0,1,37,270.7775313436892,61.03347886776015,0
0,1,0,0,1,0,0,0,1,1,1,0,1,1,53,491.03741644197856,69.35792541284947,1
0,0,1,0,1,0,0,0,1,1,0,0,1,0,45,314.4056830156785,61.89071626278938,1
0,1,0,0,0,0,0,0,0,1,1,0,2,1,53,278.165334381959,65.53615686902138,1
1,0,1,1,0,0,0,1,2,1,0,0,1,1,58,233.1448795983971,69.37556182154928,1
0,1,0,0,0,0,0,0,1,0,1,1,2,1,53,387.7776153285151,61.03286185709397,1
1,0,1,1,0,1,0,0,1,0,0,2,1,1,48,369.3749930262191,63.09194493772087,1
1,0,1,1,2,2,0,0,1,1,0,1,1,0,33,260.21165028687255,68.4443171260315,1
0,1,2,0,1,0,0,0,1,0,0,2,2,1,44,346.1161076097938,61.33498418034968,1
1,0,0,0,1,2,1,0,0,0,1,1,1,1,38,179.31552254297148,55.3955385874692,1
0,0,0,0,0,0,0,0,1,1,0,0,1,1,40,314.7976460058525,72.71503527292455,1
0,0,0,0,0,0,0,0,0,1,0,1,1,0,40,336.2205081661356,59.65117767831432,0
0,1,0,1,1,0,0,0,2,1,1,0,2,1,33,436.58638476473783,62.79378025468771,1
0,0,0,1,1,0,1,0,2,2,0,1,2,2,21,238.33449578170485,67.78003334725564,1
0,1,1,0,0,1,0,0,0,1,2,1,1,0,36,197.73178969581406,58.957530481343994,1
0,0,1,0,1,1,0,1,0,0,2,2,0,1,47,228.36576312599666,56.96066043388935,1
0,0,0,1,1,0,0,0,1,1,0,0,1,0,28,193.0745199748064,63.26868648387416,0
0,0,0,0,0,0,0,0,0,0,0,0,1,1,45,406.93258862071866,53.03461801043805,0
0,0,0,1,0,0,0,0,1,0,1,2,0,0,67,423.8911436019229,60.5604696156604,1
0,0,0,0,1,0,0,1,0,1,0,0,1,1,57,325.6173262359063,63.22519332157703,1
0,0,0,0,0,0,0,0,0,0,0,1,1,1,64,397.70359565481186,60.65024051587418,0
0,0,0,0,0,0,1,0,2,0,0,1,0,1,49,310.71667044641885,54.28274528407127,0
0,1,0,0,0,1,0,1,1,0,1,2,0,1,59,292.3910681839387,69.97088978102006,0
1,0,0,0,0,1,0,1,1,1,0,2,0,1,36,273.3569904756991,62.517690769745876,1
0,0,0,0,1,0,0,0,0,0,1,2,2,1,37,275.1687206897948,69.1557605888087,1
0,1,0,0,1,1,0,0,1,1,1,0,0,0,18,176.1758754952775,60.69981874909777,0
0,0,0,1,0,0,0,1,1,0,0,2,0,0,59,321.1403810885871,57.59994009154618,1
0,0,0,1,1,0,0,2,1,1,0,1,1,2,63,296.7732871828765,63.3459046012758,0
0,1,2,0,1,0,0,1,1,1,2,1,0,0,38,359.62885792623007,60.9210643683589,1
0,1,0,0,1,1,1,0,1,0,0,0,0,1,41,307.4818797150888,56.11119271004321,1
0,0,0,0,0,2,1,0,1,0,1,1,0,2,35,286.98370387447267,69.34892129393748,1
0,1,0,0,0,1,0,0,0,0,0,2,1,1,49,230.30455759938954,58.88864888553002,1
0,0,0,0,2,0,0,1,1,2,0,2,1,1,58,305.77225894574093,52.79866807602215,1
0,0,1,0,1,1,1,0,0,1,0,1,1,1,24,359.05897846529297,68.64083026978666,1
1,0,1,0,0,0,0,0,1,1,0,0,1,2,49,208.53288071329115,59.47850992093689,1
0,2,0,0,0,1,1,1,0,0,0,1,2,2,41,306.99790029445916,58.96088053692188,1
0,0,0,0,0,0,0,0,1,1,1,2,1,1,46,318.6434361223587,53.17306206485013,1
0,0,1,0,1,0,0,1,1,1,0,1,0,0,50,242.55481731053885,70.70470743298495,0
0,0,1,2,1,1,0,0,0,1,0,1,0,1,42,252.97149560736,55.552597063951566,1
0,0,0,0,1,1,0,0,0,2,0,0,1,1,43,318.44886790129715,62.29224740352825,0
0,0,0,0,0,0,0,0,0,0,1,1,1,1,42,209.32631853659018,66.5631016127022,0
0,0,0,0,1,1,0,1,1,0,0,1,0,0,56,327.9938972199514,64.10858466501548,1
1,0,2,0,1,0,0,0,1,1,1,2,1,0,50,228.371650107264,61.70172844003904,1
0,0,0,0,0,1,0,0,0,1,0,1,0,2,47,385.0282954426573,53.49167070856292,1
0,0,1,0,1,1,0,1,1,0,0,1,1,1,29,487.026219631064,57.95137582116358,1
0,1,0,2,2,1,1,0,0,0,0,1,1,1,40,231.13945586385444,62.93900169021261,1
0,0,0,0,0,0,0,0,1,0,1,0,1,1,55,342.73662898997395,58.06412965006502,1
0,0,0,0,1,0,1,0,2,0,0,2,1,2,45,241.86064760943844,63.01679729999384,0
0,1,0,1,0,0,0,0,0,0,0,1,0,1,52,383.2763339038232,65.40871704407571,1
0,0,0,0,1,1,0,0,1,1,0,1,1,1,66,198.7793272731828,66.81251442900052,0
0,1,0,0,1,0,1,0,0,1,1,1,0,0,57,338.446940674217,55.869103210936586,1
0,0,0,0,1,0,0,0,0,0,0,1,2,0,46,230.16088264885178,72.98323027489477,0
0,0,1,0,1,0,0,0,0,0,0,1,0,2,38,283.4412328721305,65.83739672277065,1
0,0,0,1,0,0,0,0,0,0,0,1,2,1,18,217.51797798821542,61.99142923165468,1
0,0,0,0,2,1,0,0,1,0,0,0,1,1,42,365.7880376716603,67.4476829153832,1
0,0,1,0,1,0,0,0,1,1,1,1,1,1,41,233.04157164483303,73.82703885999987,1
0,0,1,0,0,1,1,0,1,1,1,0,0,1,49,344.1571407465462,54.80639949471565,1
0,0,1,0,1,0,0,0,0,0,0,1,2,2,43,272.47215773901337,60.873686787543235,0
1,0,2,0,1,0,0,0,0,1,0,0,0,1,41,290.842210256091,50.10784170063336,1
0,0,0,0,0,0,0,0,1,1,0,1,0,0,23,311.8204725920103,62.96325766324012,0
0,0,0,0,1,0,0,1,2,1,0,2,1,0,33,239.0540262672921,63.826971209625704,1
0,0,0,1,1,0,0,0,0,0,0,2,0,1,50,316.82936908327093,61.8041894227862,0
0,0,0,0,0,1,0,1,2,2,1,1,0,2,65,422.4267651483529,58.727332145008454,1
0,1,0,0,2,0,0,2,1,0,2,1,2,1,43,237.75241713338286,51.75242741905838,1
0,0,1,1,0,1,0,0,1,0,2,0,2,2,48,393.7448114619076,63.867668417058844,1
0,1,0,0,0,0,0,0,1,0,1,1,1,1,56,419.84781067902276,69.27717241957663,1
1,0,0,0,0,0,0,0,0,0,1,2,2,0,35,234.70760087775648,59.04490772133284,0
0,0,0,0,1,1,0,1,0,0,1,0,1,0,49,183.59563159275584,64.20029964511572,1
0,1,0,0,1,0,0,0,1,0,0,1,0,0,36,324.1568720137412,54.15927843289975,0
1,1,0,0,0,0,1,0,0,0,1,2,1,1,55,256.2073981786502,64.28606531846258,1
0,0,0,2,0,0,0,0,2,1,0,2,1,0,46,449.48825753304016,60.033088511276716,1
0,0,1,0,1,0,0,1,0,1,0,0,2,1,48,302.78460323998655,58.187910246985425,0
1,1,0,0,0,1,0,1,0,0,1,1,0,1,35,235.82404735718566,58.198181793919346,1
0,1,0,1,1,0,0,0,1,1,0,0,1,1,53,208.22723911906309,60.03194208983495,0
0,0,1,0,1,1,0,1,0,1,0,0,0,0,70,387.19239672726644,63.912166578462674,1
1,0,1,0,1,1,0,0,1,1,2,2,0,1,32,254.30528207326506,55.439183994022414,1
0,0,1,0,2,0,0,0,1,0,0,2,0,1,40,303.50630395683424,60.01442334216073,1
0,0,1,1,0,1,0,1,2,1,0,1,2,1,47,376.46421960899846,61.79264111000426,1
0,0,0,0,2,0,0,0,1,1,1,0,1,2,54,261.25933184553355,56.504803877340706,0
0,0,0,0,1,2,0,0,1,1,1,2,1,0,38,296.32569370078716,70.98332600837509,1
0,0,0,0,1,0,0,0,1,0,1,1,1,2,18,298.6745272141984,57.73252259969329,1
1,1,0,0,0,1,0,1,2,0,0,1,0,1,61,354.66596092128736,58.65281543183255,1
0,0,0,0,1,0,1,1,0,1,0,1,0,1,54,347.25954684082603,57.10846025088751,0
0,0,0,0,0,0,1,0,0,0,1,0,0,1,24,282.39090149961373,70.99240043569058,0
0,1,0,1,0,1,0,1,0,0,1,1,1,1,37,305.0919249197214,64.76452614299741,1
0,1,0,0,0,1,1,0,0,0,0,1,1,0,63,270.25767907812093,57.31703996878179,1
0,0,0,0,1,0,1,0,1,1,0,0,1,1,62,181.79100744644444,67.53115779429984,0
0,0,0,1,1,0,0,0,1,1,0,0,0,1,56,320.6080685918503,63.00349347144439,0
1,0,0,1,1,1,0,0,1,0,2,0,0,1,42,451.3753408666454,63.286267105557506,0
0,0,0,0,1,1,0,0,0,2,0,0,0,1,45,229.302468744715,60.27761395623774,0
0,0,1,0,0,2,0,1,1,0,1,1,1,2,43,238.15762323178376,58.252920065215136,0
0,0,0,0,1,1,0,0,0,1,0,2,2,1,58,230.3417782685007,63.68883049527301,0
0,0,0,2,0,2,0,0,1,1,1,0,1,0,34,357.9673422978498,59.27456385002205,1
1,0,0,1,1,1,0,0,1,1,2,0,1,1,35,335.8788363357152,71.08377814787552,1
1,0,1,0,1,0,0,0,0,1,1,1,1,1,57,287.3169846066835,55.65354447378448,1
0,0,0,1,1,0,1,1,0,0,0,2,1,2,44,226.55847506888279,69.68078386427473,0
0,0,0,0,1,1,0,0,0,1,1,1,0,1,61,307.39014333119394,61.443405756010996,0
0,0,0,0,0,1,0,0,1,0,1,1,2,2,36,174.83022981313565,63.49542867010553,0
0,0,0,0,0,0,0,1,2,1,0,1,1,0,44,311.47412534859944,66.16578883314718,1
0,1,1,1,1,0,0,0,1,1,1,0,0,1,33,369.7219508870347,58.848753524977816,1
0,0,1,0,0,2,1,0,0,1,1,0,1,2,45,199.90406906930576,66.32124192349318,0
0,1,0,1,0,0,0,0,0,0,1,1,1,2,27,177.39853785362692,48.46228072309411,0
0,1,1,1,1,0,0,0,1,1,1,1,1,1,39,426.35503133558876,58.4000523338903,1
0,0,1,0,1,0,0,2,1,0,0,1,2,2,27,251.0592288396332,57.379685963294676,1
1,0,0,0,0,0,0,1,0,0,0,1,1,0,53,390.8758276755058,55.73246993814119,1
0,0,1,0,0,0,0,0,0,1,0,1,1,2,53,287.6801867841735,60.925225809605244,1
0,0,0,0,1,0,0,1,1,0,1,0,0,1,24,287.0436146446938,63.92874984090847,0
0,1,0,0,1,0,0,0,0,1,1,1,0,0,61,335.0730159597316,65.51329999249653,1
1,0,0,0,0,1,0,0,0,0,1,0,0,0,74,229.28009146028475,63.20438378600204,1
0,0,0,1,0,0,0,0,0,0,0,0,0,1,45,310.5997714796516,58.67153267553226,1
0,0,0,0,0,1,1,0,1,1,0,1,1,0,37,269.4808468140726,63.84508218912583,0
0,0,1,0,0,1,0,0,1,0,1,2,1,1,78,194.36052452759748,62.62142847425425,0
0,1,1,0,0,0,1,0,2,0,0,2,0,0,29,326.9985659781119,66.68028083968008,1
0,0,0,0,1,1,0,1,1,1,0,1,2,1,45,278.9353754497667,65.88468351465758,0
0,0,1,0,1,0,0,0,1,0,1,0,0,1,47,287.4380137244234,62.15238206960314,1
0,2,0,0,1,1,0,0,0,0,0,0,0,1,61,203.18712452686736,57.51373496919371,0
0,0,0,1,0,0,0,0,1,0,0,2,0,1,49,427.31202942102436,58.7352492208396,0
0,0,0,0,1,1,0,0,0,1,0,1,1,1,39,370.1371349108893,59.25105320180983,0
0,0,0,2,0,1,0,0,1,1,0,1,0,2,33,377.1324707337583,60.42366833041872,0
0,0,1,1,2,0,0,0,0,1,2,1,1,1,40,275.56442380466547,63.34025213794877,1
0,0,1,0,1,0,1,1,0,0,0,1,1,1,32,161.66536883972637,65.57587195064029,0
0,0,0,1,0,1,0,0,0,1,0,2,2,1,45,456.2333905991609,61.744406534923115,1
0,0,0,0,1,1,0,0,0,1,0,0,0,0,38,295.11219935953056,62.08062393950236,0
0,0,0,1,0,0,0,0,0,1,1,1,0,0,27,240.0960163183957,62.71653152500002,0
0,0,0,0,1,1,0,0,0,0,0,2,0,1,60,333.3441259586491,59.4204734343383,1
0,1,1,1,0,0,0,0,2,1,1,0,1,2,39,393.3696630402638,57.37303871178522,1
0,0,0,1,0,1,0,1,1,1,0,1,0,0,29,298.1559555131627,53.22281051344645,1
0,0,0,1,1,0,0,0,1,0,0,1,2,0,42,402.2860134351499,58.52425320961564,0
0,0,0,1,0,1,0,0,1,0,0,2,1,0,45,386.63999508134947,64.36572726633894,1
0,2,0,0,1,0,0,0,2,1,1,0,1,2,24,213.88950500783534,58.485442809802166,0
0,0,1,0,0,0,0,0,1,0,1,1,1,1,48,246.09679154724188,60.8109648128703,0
0,0,0,0,1,0,1,0,1,2,0,0,0,0,32,376.6029730623814,64.33215643706158,1
1,2,0,0,1,0,1,1,0,1,1,1,0,1,65,100.0,64.60344748211334,1
0,1,0,0,1,0,0,0,0,1,1,0,0,1,51,288.0435445468009,56.6023357391698,0
0,1,1,0,0,0,0,1,0,0,0,0,1,1,40,185.53350387002627,66.98529678226821,0
0,0,0,1,0,1,0,0,1,0,1,1,0,0,36,261.875695885318,67.63675044677743,0
1,0,0,0,0,0,0,1,1,1,0,2,0,2,43,276.09439287766367,56.3507507139072,1
1,1,1,1,0,0,0,0,0,0,2,0,2,1,52,271.3404497673994,57.88081565179423,1
0,1,0,0,1,0,0,1,0,1,1,0,0,1,44,255.81909983099132,67.95545341573096,0
0,0,1,1,2,0,0,0,1,0,2,1,1,0,42,212.22850802969486,61.265732393723496,1
0,0,0,1,1,0,0,1,0,0,1,1,1,1,45,483.3529013454949,50.901110262740744,1
0,0,0,0,1,0,0,0,1,0,0,2,0,1,37,449.39696033290807,55.00159247633657,0
0,1,0,0,1,0,1,0,1,0,2,0,0,1,40,207.03473437949737,60.75315187413759,1
0,0,0,1,1,0,0,0,1,2,0,1,0,0,19,426.5693401042854,56.18478674857699,0
0,0,0,0,0,0,0,1,1,0,0,0,1,2,56,268.0427607621718,59.93288114681779,1
1,0,0,0,1,1,1,0,1,0,1,0,1,0,48,310.3349978665368,62.161981068417894,1
1,0,0,0,1,0,1,1,1,0,1,1,1,1,35,294.9380832082467,69.31127302017364,1
0,0,0,0,1,0,0,0,1,0,2,1,2,2,67,247.22010869968273,60.54773041886106,0
0,0,0,0,0,2,0,0,1,0,0,1,1,1,46,378.7081874884917,67.36270899786379,1
0,0,1,0,0,0,0,0,0,1,1,1,0,1,32,310.0709224461326,69.14380081018385,0
0,0,1,0,0,1,1,1,0,0,1,1,0,1,55,261.8758861424607,69.17154834676037,0
1,0,1,0,1,0,1,0,0,0,0,1,2,1,49,195.6328444959622,63.42377296692784,1
1,0,0,1,1,1,0,1,1,0,0,2,0,2,49,228.51239890247035,52.18355426080513,1
0,0,0,0,0,1,0,0,1,2,0,0,0,1,39,168.68959075183224,64.30412432701932,0
0,0,0,1,2,0,0,0,1,0,0,0,1,1,50,300.97788387321356,67.24199943906771,1
0,0,0,0,0,2,0,1,0,0,2,1,1,1,41,204.26675261724833,61.59466447282291,0
0,0,0,0,0,0,0,0,0,1,1,1,2,1,51,278.7551589985167,70.72291935037624,0
1,0,0,0,0,0,1,1,2,0,1,0,1,1,22,409.6081482888297,66.29916780733728,0
0,0,0,0,1,1,0,1,0,0,2,2,0,1,39,395.94396583372685,64.84136688576392,0
0,2,0,0,2,1,1,1,1,0,0,0,2,2,65,297.4178484717906,67.43190355602918,1
0,0,0,0,0,0,1,1,1,1,1,2,0,2,35,293.033221908548,63.66684925630439,0
0,1,0,0,1,0,0,0,1,0,0,0,1,1,37,450.38996395368065,49.53594750302323,1
0,0,0,0,0,0,0,0,0,1,1,1,1,1,39,341.6604896286969,59.50430524264817,0
0,1,2,0,2,0,0,1,0,1,0,2,0,2,30,273.7754832098782,67.98584013623926,0
0,1,0,0,1,1,0,0,0,0,2,0,1,0,18,185.91855063036382,57.96204329950852,0
0,0,0,0,1,0,0,1,1,0,0,2,0,0,42,331.50985745317945,60.88263747381531,0
0,0,0,1,0,0,0,1,1,0,0,1,1,1,46,366.345901806629,56.77581843048465,1
0,0,1,0,2,0,0,0,0,1,1,2,1,2,44,249.46787803890848,70.91961297600885,0
0,0,0,0,1,0,0,2,1,0,0,1,1,2,43,323.2962204110426,70.40746228709008,0
0,1,0,2,0,0,0,0,1,0,1,0,1,1,45,270.9141364067977,57.580655524296354,0
0,1,0,0,1,1,0,0,0,0,0,0,0,0,57,285.2774080640798,62.73649000194542,1
0,2,0,0,0,2,0,0,1,2,1,1,1,1,42,100.9742353950135,58.597529761179764,0
0,0,0,2,1,1,0,0,1,0,0,0,1,0,38,282.25748770270917,65.07472319515689,0
1,1,0,0,0,0,0,0,0,1,0,0,0,1,41,377.54954419264436,64.54841538621164,1
0,1,1,0,1,1,0,0,0,0,0,0,1,2,51,249.48779555467536,66.05852785806633,0
0,0,0,0,1,1,0,1,1,0,0,1,1,0,61,304.2021094572253,63.65959223853944,1
0,0,0,0,0,1,0,1,2,0,0,1,0,2,37,239.52394346464638,75.0,0
0,1,1,0,0,0,0,0,1,0,0,0,1,1,46,328.8353341034218,56.860381174946305,1
0,0,0,0,0,0,0,0,1,0,0,0,0,1,49,282.6781441971061,53.44698322781743,0
0,1,0,0,0,0,1,1,1,0,0,1,1,0,33,224.86067674543943,60.034548996492695,0
1,0,0,0,0,0,0,0,0,1,1,0,0,1,45,406.60411741321025,54.16005867219866,1
0,1,0,2,1,0,0,0,1,1,1,0,2,0,27,374.3145610825772,54.537688649970036,1
1,0,1,1,0,0,0,0,1,1,0,0,1,2,23,251.607458885746,56.99342672901017,0
0,0,0,0,0,0,0,0,0,0,1,2,1,2,49,339.8230647534222,57.38905547284186,0
0,0,1,0,1,1,0,0,1,0,1,2,1,1,40,342.99296022563044,57.226909490249696,1
0,1,0,0,0,0,0,2,1,0,0,1,2,0,47,351.3840988008941,64.59109475222706,1
0,1,0,0,1,0,0,0,0,1,1,1,1,2,44,164.4595283203938,59.469054694573316,0
0,0,0,0,1,2,0,0,2,1,0,1,0,1,33,380.52852328261025,61.1024271256376,1
0,0,0,0,1,2,0,0,0,0,0,1,1,0,44,254.4240829659415,66.47116387250468,0
0,1,0,1,1,1,0,0,0,0,0,1,2,1,30,271.37376532469864,58.168387376092866,1
0,0,1,0,1,2,0,0,0,0,1,1,1,2,61,511.030540180816,60.67727050647639,1
0,1,0,0,0,0,1,1,1,0,1,0,1,0,28,324.14987045768095,63.82879993046458,0
0,0,1,0,0,2,0,1,1,0,0,0,2,0,42,269.09420196422593,52.29216099689889,1
0,0,0,0,0,0,0,0,0,1,0,1,2,2,32,123.57645017952751,50.07547245524709,0
1,0,1,1,1,0,0,1,1,1,2,2,2,0,51,411.18113071570843,63.730586643988616,1
1,0,1,1,0,0,0,1,0,0,0,1,0,0,41,192.3832263353118,64.46007140283449,1
1,1,0,1,1,0,0,1,1,0,0,2,1,1,38,219.7248877200397,72.32110067426206,0
0,0,1,0,2,0,0,0,1,2,1,2,1,2,55,273.4918160729721,62.79047437933405,1
0,0,0,0,1,1,0,0,0,0,1,0,1,1,45,413.3129433360234,66.09869858629047,0
1,1,0,0,1,1,0,0,2,0,1,1,1,2,51,361.85919893326076,61.02263678207013,1
0,0,0,0,0,1,0,0,0,0,1,1,0,1,33,287.3729992127792,63.48613610792543,0
1,0,0,0,1,0,0,0,0,0,1,2,1,0,28,324.6633650911057,70.33628420874767,0
1,1,1,1,1,1,1,0,1,0,0,2,1,2,46,251.96914457031153,51.38003590937182,1
1,0,0,0,0,1,0,1,2,1,0,1,0,1,41,311.1722951652281,64.0680812878584,1
0,0,1,0,0,0,0,1,0,0,0,0,1,1,52,305.86693958225095,72.67793365038683,0
0,1,0,0,1,1,0,1,0,0,2,2,0,1,44,377.5015916545083,63.41017109604671,0
1,0,0,0,1,0,0,0,0,1,1,0,1,1,47,377.37424979511593,70.25286481616423,0
0,0,0,0,1,0,0,1,1,0,0,1,0,0,25,339.5181905764516,58.85393925235279,1
0,0,0,1,1,1,0,0,0,1,1,2,1,0,67,271.0121953963118,61.839762529181435,1
0,1,0,1,1,0,0,0,1,1,0,1,1,1,43,359.3457835512101,62.167623511942935,1
1,0,0,1,1,0,0,0,2,0,0,1,1,2,53,292.6425227037563,50.91204460320615,1
0,0,0,0,0,1,0,0,1,1,1,1,1,1,34,213.44685050294936,56.159110860748996,0
0,1,0,0,0,1,0,0,0,0,0,1,2,2,48,267.7369766471249,56.51562460308007,1
0,1,0,0,0,0,1,1,0,2,1,1,0,1,29,306.762158702746,66.11033039016263,1
0,0,0,0,1,0,0,0,0,0,0,1,0,1,50,372.8172626931796,66.36076552842027,1
1,0,1,1,1,0,0,1,2,2,1,2,2,0,40,285.31774622742773,63.620182213532665,1
0,0,0,0,1,1,0,0,0,1,1,2,0,0,45,203.2641031008315,66.12051448427853,1
0,1,0,0,0,0,0,0,0,0,0,0,2,1,53,304.53933466374554,61.17925293639113,0
1,0,0,0,1,0,0,0,1,0,2,2,2,2,30,309.0764832045242,68.00965834769772,1
0,0,0,0,1,2,0,0,1,2,0,1,1,2,36,314.86701031222026,62.043942213160356,1
0,1,0,1,1,0,0,0,1,1,0,0,2,2,50,373.5897212763544,62.28932023713378,1
0,1,0,0,1,0,0,0,0,0,0,0,0,0,70,381.5138592071919,60.67203683368794,1
0,0,0,0,0,0,0,0,1,1,1,0,0,2,43,252.46313020946667,65.42225238818214,1
0,1,0,0,1,1,0,0,2,0,0,2,1,1,52,250.70852335608453,59.894005916935434,0
0,0,0,0,0,0,0,0,1,0,0,1,1,0,43,216.78410312356215,66.88215688599034,0
0,1,1,1,0,0,0,1,2,0,0,1,2,2,68,355.9052536224381,56.339254296419966,1
1,0,1,1,0,1,0,0,0,0,0,0,0,1,24,415.90560866701725,56.50541872635903,1
1,0,0,1,1,0,0,1,1,1,1,1,1,0,46,274.79344576728613,65.43713377563252,1
0,1,0,1,2,0,1,0,1,0,0,0,1,1,25,280.68555482200054,61.55727892708494,0
0,0,0,0,1,0,1,1,1,1,0,1,1,1,18,417.3426045519181,59.73054291923436,0
0,0,0,0,1,0,1,1,0,0,0,1,0,1,48,340.44462825720063,66.4502886623773,0
0,1,2,0,1,0,0,0,0,0,0,0,1,1,46,334.8988563840844,58.963692929569575,1
0,1,0,0,1,0,0,0,0,0,2,2,2,2,41,204.72667952210185,60.99899372849815,0
0,1,0,1,0,0,0,1,0,0,0,0,0,0,43,354.2982455423535,68.9961397503558,0
1,1,0,0,0,0,0,0,0,0,2,1,2,1,80,225.66909275921932,69.69571172905326,0
0,0,0,1,0,1,0,0,1,0,0,1,1,1,41,209.27838512520336,69.86199105135164,1
0,0,0,0,0,2,1,0,0,0,0,1,1,1,51,272.258273858663,60.589371115330444,0
0,0,0,0,0,1,1,1,0,0,1,0,1,1,37,253.1365821241048,68.15351452492236,0
0,0,0,0,0,1,0,1,1,0,0,0,0,1,48,282.27202444919686,57.255235861156606,0
0,1,0,1,0,0,0,0,1,0,1,2,1,2,42,184.7214692380065,57.46548562638969,0
0,0,0,0,2,2,0,0,1,1,2,0,2,2,40,376.70530451741377,50.24772073687819,0
0,0,0,0,0,0,0,0,1,1,0,2,1,2,66,390.2149035613143,70.36434100949265,1
0,0,0,0,0,2,1,0,0,0,0,2,2,2,59,144.21260206873487,57.68010075461961,0
0,1,0,0,0,2,0,2,1,0,1,0,1,1,46,378.276624453324,61.3673371012647,1
0,0,0,0,1,1,0,0,1,0,0,0,0,2,18,235.1577096142699,57.44837829035858,0
0,0,0,1,0,2,1,0,0,2,0,1,1,1,40,368.5580429586229,65.47582624165071,1
0,0,0,0,0,1,0,0,1,0,0,2,2,1,77,294.52428058668676,60.1218316964133,1
0,0,0,0,1,0,0,1,2,0,0,2,0,1,42,302.30204512647987,55.47591554783526,0
0,0,1,0,0,0,1,0,0,0,1,1,2,1,58,285.1921880463025,64.2083128209303,0
0,1,0,0,0,1,0,0,0,0,0,1,2,1,62,396.97033633867886,54.83134987594886,1
0,1,0,0,0,0,0,0,0,0,0,0,1,2,47,200.83295899799774,57.81297137342254,0
0,0,0,0,0,1,0,0,0,1,1,2,0,1,34,348.6272270988007,51.465554426869595,0
0,1,0,0,0,2,0,0,1,0,0,2,1,0,18,388.10641319116405,54.88020943901196,1
0,1,0,0,0,0,0,0,1,1,0,0,0,1,53,357.3072064432329,62.89264584860239,1
0,1,0,1,1,1,0,0,0,0,1,0,1,0,35,485.9759131458734,52.177319809485375,1
0,0,1,1,1,1,2,1,2,0,0,0,1,0,47,257.68425898202406,54.59427137689142,1
0,0,0,0,1,2,0,1,1,1,1,0,1,0,30,376.5843858074825,61.98815541933596,1
0,0,0,0,0,2,0,2,1,0,1,2,1,1,41,291.51274917268637,59.28196551953474,0
0,0,0,0,2,0,0,0,1,1,0,1,1,1,45,398.67248610821355,71.96018317979654,0
1,1,1,1,0,2,0,2,0,0,1,0,1,2,48,299.38488034229044,71.16948273012187,1
0,1,0,0,0,1,0,0,1,0,0,1,1,1,31,268.9699374510024,57.660387686244235,1
0,1,1,0,1,0,0,0,1,2,0,2,1,1,59,404.48577630973034,64.78568809201741,1
0,0,0,0,0,0,0,0,1,0,1,1,1,1,37,260.6750448784856,65.74641278439725,0
0,0,1,0,0,1,0,0,1,1,1,1,1,1,24,186.9819392879555,59.01260570987798,1
0,2,0,0,1,0,0,1,0,0,0,0,1,2,43,258.6522493460937,54.522292317508985,0
0,1,1,1,1,1,0,0,2,1,1,2,1,0,45,349.5226357270826,61.93850775345971,1
0,0,0,0,1,1,0,0,0,0,2,2,1,0,46,411.3631001269673,61.13577162592944,1
1,1,1,0,1,0,0,0,1,0,2,0,0,2,61,308.89035002372094,59.82117751514691,1
0,1,0,0,2,1,0,0,2,1,0,0,0,1,42,405.45576537872205,64.21158434082243,1
0,0,0,1,0,1,0,0,0,1,0,0,2,0,43,191.3460062817925,58.24635196497201,0
0,0,0,0,0,0,0,0,1,1,0,0,1,0,31,264.53892281456774,56.24001226210429,0
0,0,0,1,0,0,0,1,0,1,2,1,1,2,54,276.9139906276719,62.54541485174916,1
0,0,0,0,0,0,0,1,0,1,0,2,1,2,47,290.8352458021984,63.92985046284438,0
0,0,0,0,0,0,0,0,1,0,1,1,0,1,39,306.72755106001574,56.11677528049974,0
0,1,0,0,1,1,0,0,1,0,0,2,1,1,22,355.2728765913754,66.6404530549554,0
0,0,0,0,1,0,0,0,2,0,0,1,1,1,62,264.4154529463608,53.14759431111961,1
0,0,1,0,1,1,0,1,1,0,0,1,1,2,30,311.1222949562501,59.109432706421785,1
0,0,0,1,0,0,0,0,1,0,2,1,1,2,37,296.39016877407585,60.709957319011956,1
1,0,1,0,1,0,0,0,1,0,0,0,0,0,49,225.928807688708,58.81888143674035,1
0,1,0,0,2,1,0,0,2,0,1,1,0,2,30,290.90666487348517,59.17469763224404,0
0,0,0,0,1,1,0,0,0,1,0,1,2,0,27,288.5072376082305,71.35537241154057,0
0,0,1,1,0,0,0,0,2,0,0,0,1,0,19,286.7935547997563,57.74557955480551,0
0,1,0,1,1,0,0,1,0,0,0,1,1,1,53,302.5407565265161,74.20610861235957,0
0,0,0,0,0,0,0,0,1,0,0,1,0,1,38,306.0538832490709,64.18563389865525,0
0,0,0,2,0,0,0,0,0,1,0,2,0,2,80,265.4163856714136,62.46027568655996,1
0,0,0,0,0,1,0,1,0,1,0,1,1,0,33,401.81717871770115,64.38120176693833,0
0,0,0,0,1,0,0,1,1,1,0,2,1,1,33,206.44154966375868,74.64963874625977,0
0,0,2,1,1,0,0,0,1,0,0,1,1,2,38,242.3223913224083,57.03203498034276,1
0,0,1,1,0,0,1,0,0,0,2,1,0,2,47,522.3970899378844,56.39791040531806,1
0,0,0,0,0,1,0,0,0,0,2,1,1,0,39,216.9606916008616,58.2256690171404,0
1,1,0,0,0,2,1,1,1,0,0,2,0,1,52,191.6996260232193,62.1607157348228,1
0,0,0,0,0,0,0,0,2,0,1,1,0,1,33,358.7581396000974,53.371144375937135,0
0,0,0,1,0,1,0,1,0,0,1,1,1,0,28,133.83041169809007,62.11169619659304,0
0,0,0,0,0,0,0,1,0,0,0,1,0,2,23,281.1780872022049,70.46773566706835,0
0,0,0,0,1,0,1,0,1,2,1,1,0,2,18,471.6659940061191,62.75703695312389,0
0,1,0,0,0,1,0,0,0,2,2,0,1,0,38,176.40512622772798,60.53657270512362,1
0,0,1,0,0,1,0,0,1,0,0,0,1,0,41,141.44284114090294,58.90919775658186,0
0,2,0,0,0,2,0,0,1,0,0,0,2,0,37,180.06550384338414,66.49255852275782,1
0,0,0,1,2,1,0,0,1,0,2,2,1,2,59,371.86876546775886,57.87083613380976,1
0,0,0,0,1,0,0,0,0,0,1,0,0,0,59,389.982137598865,71.23197960299623,1
0,0,0,0,1,1,0,2,1,1,0,0,0,1,40,258.9928962417193,71.66679873857179,0
0,2,0,0,0,0,0,0,1,0,0,1,2,1,23,354.6569923200855,63.283753993308935,0
0,0,2,1,1,1,0,1,1,1,0,1,1,1,38,411.2204262009592,61.942424559616775,1
0,0,0,0,0,0,0,0,1,0,1,1,1,0,37,442.98771315438603,67.1532990412078,0
0,0,1,0,1,1,0,0,1,2,1,0,0,0,37,280.29317750561216,67.47399251113663,0
1,1,0,1,2,0,0,0,1,0,2,2,1,2,36,115.88226258640105,57.97004134470292,1
0,0,0,1,1,0,1,0,0,1,0,2,0,2,37,234.32968620722505,59.36722433431649,1
0,1,0,1,1,1,0,1,2,0,1,2,1,2,40,265.85566440517937,55.38826282658352,1
0,0,0,1,1,0,0,0,1,1,1,1,2,0,37,279.28489627372875,64.04532469167029,1
0,0,1,0,0,0,0,0,1,0,0,1,2,1,47,284.9712479193024,65.33313941728446,1
0,0,1,1,1,0,0,0,0,0,0,0,1,1,49,389.51156783445356,55.250371810693636,1
0,0,0,0,0,0,0,0,1,1,2,0,1,1,34,401.95427413500653,59.724005475919206,0
1,0,0,1,1,0,1,0,1,1,1,0,2,2,60,286.26610768601734,55.26373041209325,1
0,0,0,1,0,0,0,1,0,1,0,1,1,1,33,387.8787900841455,57.50600094878081,1
0,1,1,1,0,1,0,1,0,1,1,1,0,0,25,328.6129093304871,64.7550853011315,1
0,0,0,0,0,0,0,0,1,1,0,1,1,2,49,305.16047782900574,58.332589666608605,1
0,0,0,0,0,2,0,0,1,0,1,0,0,2,35,372.5235325687971,60.49587021983851,1
0,0,0,0,0,1,0,0,1,0,1,1,1,0,48,305.7801638590333,53.86344136026342,0
1,0,0,2,1,0,1,0,0,0,0,1,1,1,18,464.62489416782097,62.93495104862332,1
0,0,0,1,0,1,0,0,1,1,2,1,1,1,61,184.92710665643529,61.778633400776755,1
1,0,0,0,0,0,0,0,0,0,1,1,1,1,53,258.7863280726386,58.35520374983419,1
1,0,1,0,1,1,0,1,1,0,0,0,0,0,26,289.878488243684,61.054928511587626,0
0,1,0,0,0,0,0,0,0,0,1,2,1,1,27,335.15621523663924,62.90147440251722,0
0,1,0,1,1,0,0,0,0,1,0,1,2,2,65,401.4368389682471,57.92565925545328,1
0,0,1,1,1,1,0,0,0,0,0,0,1,1,36,298.04811462110746,54.61868727999111,0
0,0,0,0,1,2,0,0,0,0,0,0,1,0,34,186.22162803950343,71.02787216343407,0
0,1,1,0,1,1,0,0,0,0,0,1,2,1,18,367.40111171640035,58.83363647644864,1
0,0,0,1,0,0,0,1,0,0,1,2,2,1,40,360.39670129135715,61.51619948406555,0
0,0,0,1,1,1,1,0,1,0,0,1,0,2,42,144.65130724964752,67.05419867510157,0
0,0,1,0,0,0,0,0,1,1,1,0,0,1,53,299.6956693063361,75.0,1
0,1,0,0,0,0,0,0,0,0,1,2,1,0,28,172.78865354557615,55.77756775055567,0
0,1,0,0,1,0,0,1,1,1,0,1,2,0,26,246.827912199835,64.24913606863255,0
0,0,0,0,0,1,0,0,0,0,1,1,2,1,50,227.77528584297602,58.46223857352947,0
0,0,0,0,1,0,0,0,1,1,0,1,2,0,57,364.74117585935886,59.30604847711645,1
0,0,0,0,1,0,0,0,0,0,0,0,1,1,26,309.3464139337747,58.39893989496605,0
0,1,0,1,1,1,0,1,0,0,0,1,1,0,57,197.1527199395178,56.37172516099707,0
0,0,1,0,2,0,0,1,1,1,0,1,0,1,45,370.4052770365874,61.793543191076694,0
1,0,0,1,0,0,0,0,1,0,0,2,0,1,58,185.29553408572684,54.627486564758826,0
0,1,0,0,0,0,0,1,2,0,1,1,1,2,44,326.4091032376755,66.73403783255935,0
0,0,0,0,1,2,1,1,1,1,0,1,1,2,18,234.87914645667553,62.275014680166876,1
0,1,0,0,0,0,0,1,2,0,0,1,1,0,43,270.7458333975584,64.1121748645072,1
0,0,0,0,1,0,0,0,0,1,2,2,1,1,57,340.3416598430707,59.66905694026889,1
0,0,1,1,1,1,0,0,0,0,1,2,0,0,34,341.7159519247623,60.16398032894126,0
0,0,0,2,1,1,0,0,0,1,1,1,1,1,40,406.9575258844768,63.43781952583664,1
1,1,0,0,0,0,0,1,0,0,0,1,0,1,42,293.41970402628374,56.179746837970875,0
0,1,0,0,0,1,1,0,1,0,1,1,1,2,18,324.51606903706727,60.21004782793332,1
0,1,0,1,0,1,1,1,1,1,1,1,1,2,65,264.981014207654,57.70193243060773,1
0,0,0,0,0,1,0,0,0,0,1,0,1,1,34,314.5591906098238,57.54715594704493,0
0,1,0,0,1,0,1,1,2,0,1,1,2,1,51,335.1588838406809,51.45080879687179,1
1,0,1,1,0,1,2,1,1,0,0,0,0,2,43,292.1352122036499,68.6966329474,1
1,0,0,0,0,0,1,0,0,0,0,2,1,2,60,155.6999612726003,58.567306234231154,1
0,1,0,0,0,0,1,1,0,0,0,1,0,0,49,326.5176717064716,67.81688027581775,1
0,0,0,0,1,0,0,0,0,0,0,2,1,1,42,329.16491818843656,67.34396160697146,0
0,0,0,1,1,0,0,1,0,1,1,1,2,1,34,245.58612189216393,55.57000146741753,1
0,0,0,0,0,0,0,0,0,0,0,1,1,0,54,197.24903711419887,56.557943821635774,0
1,0,0,0,0,1,0,0,1,0,2,1,2,0,22,418.0703320403172,74.80251479677842,1
0,0,0,1,0,0,2,1,0,0,2,0,0,0,52,339.31564087155215,70.75462970963572,0
0,0,0,0,0,0,0,0,0,0,0,1,2,1,31,281.67351752626325,61.842407433359476,0
0,0,0,1,1,0,0,1,2,1,0,0,0,0,60,209.03736934820103,63.28686553208675,0
1,1,0,0,1,0,0,0,1,0,1,1,2,0,46,234.25481372629233,58.845767985264054,1
0,1,1,1,0,2,1,0,2,2,2,1,0,0,52,404.20723174289856,64.1617635710017,1
0,0,1,0,0,0,2,0,0,0,0,1,0,2,45,311.0129552694437,58.414090496387644,0
1,0,0,0,2,0,0,0,0,1,0,0,1,2,23,255.95303463994347,51.838231178508074,0
0,0,1,0,0,0,0,0,1,0,1,0,2,1,34,340.7751384979725,55.392221067444744,1
0,0,0,0,1,0,0,0,0,1,1,1,0,1,53,234.8481450042941,62.10546373925293,1
1,0,0,1,0,0,0,0,0,0,0,2,1,2,46,420.0674424224303,56.344663822487064,0
1,0,0,2,0,1,0,0,1,0,1,1,2,0,59,408.22404279173804,61.663612675432326,1
0,0,0,0,0,2,0,2,1,0,0,1,1,0,49,262.67407430377784,56.62669480283569,1
0,0,0,0,1,0,0,1,0,0,0,1,0,1,33,249.70638023753116,58.08823038749003,0
0,0,1,0,2,1,0,0,1,1,0,0,1,0,35,100.0,66.26582653206596,0
0,0,0,1,0,1,0,1,0,0,0,2,1,1,46,181.47353827589058,63.23740273820052,0
0,1,0,0,0,1,0,0,0,0,0,1,2,2,18,192.84241800337952,61.95167789343326,0
0,1,0,0,0,0,0,0,0,1,0,0,1,1,65,310.81522727899085,66.39481986535326,1
0,0,1,0,0,0,0,1,0,0,0,1,1,1,50,273.9013036446912,64.40304296673673,0
0,1,0,0,0,0,0,1,0,2,0,0,2,2,59,192.3731610067807,69.23281645625684,1
0,0,0,0,0,1,0,0,2,1,0,2,1,0,26,277.5068766028354,59.7007036884243,1
0,1,0,0,1,1,0,1,1,0,2,0,0,0,59,340.4269718117879,59.85182510736246,1
0,1,0,0,0,0,0,0,1,1,0,1,0,1,71,342.22714799324694,55.49445366804328,0
0,0,2,1,0,0,1,2,0,0,0,0,1,1,29,148.0263775312895,59.8550964131379,1
0,0,1,0,1,1,0,0,0,0,1,1,0,0,54,289.7389215612935,66.82384947151223,1
0,0,0,0,0,1,0,0,0,0,2,1,2,1,45,189.33273784227117,68.49993686131067,0
1,0,1,0,2,2,0,0,0,0,0,1,1,1,26,372.1382957712219,66.80152584043334,1
0,0,0,0,0,1,1,1,0,1,1,1,0,1,50,362.7317133082799,53.029040667252815,0
0,0,1,0,1,0,0,0,1,1,1,2,1,1,55,228.1578218940433,67.41572606330367,0
0,0,0,0,1,1,0,1,1,0,1,0,1,1,37,238.71638380796801,52.80740688363964,1
0,1,0,0,1,1,2,0,1,0,0,1,2,0,58,263.0986359601354,66.49058662061174,0
0,2,0,0,2,0,0,0,1,2,1,0,2,1,24,119.77652842149286,60.16107736714473,0
0,0,0,0,0,0,0,0,2,0,0,2,1,0,27,326.87745387524615,65.51266656966928,0
0,0,0,0,2,1,0,0,0,0,1,1,1,2,46,278.17243629278954,55.33775826052717,0
0,0,0,1,0,0,0,0,0,0,1,1,1,1,45,377.6140066054287,67.85583816353073,0
0,0,0,0,0,1,0,0,0,1,0,1,1,1,36,212.12726256299578,54.675126269475555,1
0,1,0,1,0,1,0,0,1,0,1,0,0,1,54,250.47016414000547,58.657725445734116,1
0,0,0,0,1,2,1,0,2,1,0,0,0,1,51,179.47797935687078,57.009526861154825,0
0,0,0,0,0,0,1,0,0,1,1,0,1,1,55,219.65675492045975,53.2285757358875,1
0,0,1,0,1,0,0,1,1,0,0,1,0,2,43,205.4414403145425,62.472637837942344,1
1,0,0,0,1,1,0,1,1,0,0,0,0,2,52,379.67789430771563,71.03044558918481,1
0,1,0,1,1,0,0,0,0,1,0,0,1,1,39,244.1390520998886,75.0,0
0,1,0,0,1,1,2,0,0,0,2,2,0,0,69,309.93405477956907,62.48577893543124,1
0,0,1,1,0,1,1,0,0,1,0,2,1,1,35,269.5389276910556,67.58340637533762,0
1,0,0,0,0,0,0,0,2,1,0,1,1,1,70,198.44277871897498,63.16047318964269,0
1,0,0,0,0,0,0,0,0,1,0,1,2,0,45,286.5359661462686,64.49441597384106,1
0,1,1,0,0,0,0,0,1,1,1,0,1,0,28,347.9282665490876,60.289256744363804,0
0,1,1,0,0,0,0,0,0,1,1,1,0,2,61,203.37924859653182,62.97538462711301,1
0,0,0,0,0,1,0,0,1,1,0,2,1,0,46,364.7290232585103,64.68739352303214,1
0,0,0,0,0,1,0,0,0,0,0,0,2,1,55,232.0223262817843,59.107701355618346,0
0,1,0,0,2,1,0,1,1,0,0,0,2,1,59,261.36128591417275,61.61252850053506,1
0,0,1,0,1,1,0,2,1,0,0,1,1,1,49,342.4546498408038,61.70784940501256,1
1,1,0,1,0,0,0,0,1,1,0,1,0,0,37,246.92510742244096,66.13201658665263,0
0,0,0,2,1,1,1,0,1,0,1,0,2,2,56,303.00598874686926,56.669839141861594,1
0,0,1,1,0,1,0,1,0,1,0,1,0,1,45,274.8247336969526,61.742288956961744,1
0,0,0,0,0,1,0,1,1,0,0,1,1,1,53,310.3494405363055,71.56002734526349,0
0,0,0,0,1,1,0,0,0,1,0,1,1,1,19,109.54087155812022,67.82030076292969,0
0,0,0,0,0,0,0,0,0,0,2,1,0,1,50,153.62545478335338,68.74589524444353,1
0,1,0,1,0,1,0,0,1,1,2,2,1,2,37,349.27736048374703,62.122159200890174,0
0,0,0,0,2,0,0,0,0,0,1,1,0,1,64,382.97451245192406,63.60498781843012,1
0,0,0,0,1,0,0,0,1,0,0,2,1,1,52,227.1610637174783,67.01118083351463,0
0,0,0,1,1,0,0,0,2,0,0,1,2,2,47,280.47773182630925,69.80127764765466,0
0,0,0,0,1,2,0,0,0,1,0,1,0,1,50,323.5775402321841,52.24198543558557,1
1,0,2,0,1,1,0,0,1,0,0,1,1,1,33,355.45740813269634,55.42279346475077,1
0,0,0,0,0,1,0,1,0,0,0,2,0,0,64,137.78581826633211,68.54722050701324,0
0,1,1,0,0,1,0,0,0,2,1,2,1,2,68,229.11678024172983,60.615553221155984,1
1,0,0,0,0,0,0,0,0,1,1,0,0,1,49,273.39364961201,58.64139605370961,1
0,0,1,0,0,2,1,0,2,2,1,2,2,1,64,356.25121577888393,55.72919506502198,1
1,0,1,0,1,0,0,0,2,0,0,2,1,1,38,499.8744386977196,59.224916492279455,1
0,1,0,0,0,0,0,2,2,0,1,1,1,0,35,281.75954185522255,54.98815358288088,1
1,1,0,1,2,0,0,0,2,1,0,0,2,1,45,187.4418030316809,72.45547136366238,0
0,1,1,0,1,1,0,0,0,0,0,2,1,0,50,332.18144617610386,61.887819740097136,0
1,0,0,0,1,1,0,1,0,1,1,2,2,1,40,405.6796631632568,61.71024729118641,1
0,0,0,0,1,0,1,0,1,0,0,0,1,1,51,308.6411296783601,64.94038337583916,0
1,0,0,1,1,0,0,1,1,0,0,2,2,1,48,227.46811638765658,66.81172584633285,1
0,0,1,0,0,1,1,0,0,0,0,0,1,1,33,376.63951531840155,66.7294407827732,0
0,0,0,0,1,0,0,0,0,0,1,0,0,2,51,353.0836494798748,67.36810971953786,0
1,0,1,1,0,1,0,0,1,0,1,1,1,2,55,217.91353246435006,58.84577224604572,1
0,0,0,1,1,2,0,0,1,0,0,1,0,0,47,330.51404940274733,60.510665975215694,0
0,0,1,0,0,0,0,1,0,2,1,1,1,0,58,379.78124541270984,65.84515827721138,1
0,1,0,1,1,0,0,1,1,0,0,0,1,1,30,394.5512034047115,59.3630546918019,1
0,0,0,0,2,1,0,0,1,1,0,2,1,2,50,294.68408197524354,61.97446683986387,1
0,0,0,0,0,1,1,0,1,1,1,0,0,2,30,271.3536443056545,63.99381882212407,0
0,1,0,0,0,0,0,1,0,0,1,0,0,2,31,398.181905766501,65.92592541155189,0
1,0,0,0,2,2,0,1,1,0,2,0,1,1,37,203.1871597615292,53.111595188148996,1
0,1,0,1,0,0,0,0,0,1,0,1,2,1,33,335.0863432736804,65.57372824944473,0
0,0,0,0,1,0,0,0,0,0,1,2,1,1,38,190.39786981084566,60.83137971074137,0
1,0,0,0,1,1,0,0,1,1,1,1,1,0,42,385.2301017807682,65.5372885543219,1
1,1,0,1,0,1,0,1,1,1,1,2,1,0,55,279.3563587511071,65.88465846177414,1
0,1,0,1,0,0,0,0,0,2,0,0,1,2,41,401.48665885179753,70.03957530559579,1
0,1,0,0,0,1,0,0,1,0,1,1,0,0,25,339.31302050844215,68.76726823810601,0
0,0,0,0,1,0,1,1,1,0,1,1,1,0,58,202.1423815950456,68.73285831305148,1
0,0,0,0,0,0,1,0,1,1,0,1,0,0,34,413.9702185661795,69.2183515958312,0
0,0,0,1,1,0,0,0,1,0,0,0,2,2,44,424.0996213142183,63.45689492407973,1
0,0,0,0,1,1,0,0,1,1,0,1,0,1,50,370.58291940793725,62.1609254351842,1
0,1,0,1,1,0,1,0,1,0,1,1,1,1,47,239.0729707971024,66.36408541589168,1
0,0,0,0,1,0,1,0,0,0,1,1,0,2,58,275.5188836514073,65.66040475716511,0
1,1,0,0,2,0,0,0,0,1,1,1,0,1,50,311.63417739246074,60.4546688163087,1
1,0,1,0,0,1,0,0,0,0,1,0,1,1,34,243.70316805348534,64.02411704404135,1
